{
"oreo_mega_stuf":[0.00550114549696, -0.0929511636496, -0.00367756932974, 0.5, 0.5, -0.5, 0.5],
"crayola_64_ct":[0.00951666757464, -0.0696212202311, 0.00725623965263, 0.5, 0.5, -0.5, 0.5],
"paper_mate_12_count_mirado_black_warrior":[0.123930722475, 0.00477628409863, -0.000683069229126, 0.0, 0.707106769085, 0.0, 0.707106769085],
"mead_index_cards":[0.0764078497887, 0.0219933390617, 0.011730492115, -3.58459062433e-09, 0.695397019386, 6.04089889222e-10, 0.71862590313],

"rolodex_jumbo_pencil_cup":[0.07149733603, -0.00818042457104, -0.0143407210708, 0.0, 0.707106769085, 0.0, 0.707106769085],

"mark_twain_huckleberry_finn":[0.107736609876, 0.0, -0.0022400021553, -0.5, 0.5, -0.5, 0.5],
"laugh_out_loud_joke_book":[0.101625621319, 0.00948916375637, -0.00699958205223, 0.0, 0.707106769085, 0.0, 0.707106769085],
"sharpie_accent_tank_style_highlighters":[0.0888782069087, -0.00100891292095, -0.00119113922119, 0.0400658324361, 0.707906126976, -0.0412922911346, 0.703959405422],
"stanley_66_052":[0.123972684145, 0.0, -0.0022400021553, 0.0, 0.707106769085, 0.0, 0.707106769085],
"expo_dry_erase_board_eraser":[0.0798490568995, 0.00132694840431, -0.0122031569481, 0.0, 0.707106769085, 0.0, 0.707106769085],

"champion_copper_plus_spark_plug":[0.0584625303745, -0.00911764800549, -0.00848163664341, 0.0, 0.707106769085, 0.0, 0.707106769085],

"feline_greenies_dental_treats":[0.119229443371, -0.00854517519474, 0.00164276361465, 0.0, 0.707106769085, 0.0, 0.707106769085],
"kong_air_dog_squeakair_tennis_ball":[0.114113666117, -0.00851400196552, -0.019619256258, 0.0, 0.707106769085, 0.0, 0.707106769085],
"dr_browns_bottle_brush":[-0.00503655150533, -0.0624509081244, 0.0129108130932, 0.456225246191, 0.469417303801, -0.526886940002, 0.542122244835],
"kong_duck_dog_toy":[0.0112764574587, -0.0020646750927, -0.0500487685204, -0.119921848178, 0.992479324341, 0.00294814375229, 0.0243988092989],
"kong_sitting_frog_dog_toy":[0.0228085964918, 0.0172241479158, -0.0355493426323, 2.92935364854e-08, 0.999874949455, 2.93170945298e-08, 0.0158081948757],
"munchkin_white_hot_duck_bath_toy":[0.0870281457901, -0.000345647335052, 0.0101523399353, 0.0160713233054, 0.706924080849, -0.0160713195801, 0.706924080849],
"mommys_helper_outlet_plugs_old":[0.102572672069, -0.00523237884045, -0.00180751085281, -1.18743936905e-09, 0.686535656452, -1.29288746376e-09, 0.727096140385],
"mommys_helper_outlet_plugs":[0.0848742350936, 0.00251856446266, -0.00180751085281, -1.18743936905e-09, 0.686535656452, -1.29288746376e-09, 0.727096140385],
"mommys_helper_outlet_plugs_realsense":[0.0848742350936, 0.00251856446266, -0.00180751085281, -1.18743936905e-09, 0.686535656452, -1.29288746376e-09, 0.727096140385],
"kyjen_squeakin_eggs_plush_puppies":[-0.00477073807269, 0.00926499068737, -0.0440571606159, 3.19586597186e-08, 0.999021291733, 3.0966884168e-08, -0.0442328751087],
"first_years_take_and_toss_straw_cup":[0.10458445549, -0.00775940716267, -0.00358480215073, 0.707106769085, 0, 0.707106769085, 0],
"highland_6539_self_stick_notes":[0.0686406344175, 0.0, -0.00404165685177, 0.0, 0.707106769085, 0.0, 0.707106769085],
"safety_works_safety_glasses":[0.0130462367088, 0.0, -0.0345834046602, 0.726105809212, 0.684618711472, -0.0464038178325, 0.0437525585294],
"genuine_joe_plastic_stir_sticks":[0.00348063139245, -0.0151469558477, -0.0571572929621, 0.701325654984, 0.712662398815, 0.0082530817017, 0.0136726126075],
"cheezit_big_original":[0.129852563143, -0.00753320753574, -0.00575350224972, 0.00, 0.7071, 0, 0.7071],
"elmers_washable_no_run_school_glue":[0.0858187675476, -0.000425487756729, 0.00491939485073, 0.0, 0.707106769085, 0.0, 0.707106769085]

}

